style,variant,step,metric,median,ci_lo,ci_hi,iqr_lo,iqr_hi,n_runs,wilcoxon_p
bright,step-00-baseline,0,loadMs,473.6500,447.0000,514.0000,346.4000,583.7250,270,
bright,step-00-baseline,0,fps,622.3738,612.4621,679.9118,542.6728,908.3017,270,
bright,step-01-simplify_unary,1,loadMs,467.9500,445.7000,521.7000,339.8000,589.5750,270,0.162444
bright,step-01-simplify_unary,1,fps,620.2460,606.4609,673.0776,541.8543,907.7696,270,0.098238
bright,step-04-constant_fold_stats,4,loadMs,466.7500,446.8000,508.8000,337.4500,576.7000,270,5.35973e-09
bright,step-04-constant_fold_stats,4,fps,623.1393,610.1827,664.4909,550.0207,897.6320,270,0.514326
bright,step-05-simplify_expressions,5,loadMs,524.8500,482.8500,588.2000,341.1750,658.4750,270,5.03402e-30
bright,step-05-simplify_expressions,5,fps,618.5838,608.9863,676.0576,537.8284,947.8184,270,0.355557
bright,step-06-strip_defaults,6,loadMs,530.2500,488.2500,593.2500,342.2000,658.9250,270,8.67139e-32
bright,step-06-strip_defaults,6,fps,622.1269,614.0888,694.0296,537.9489,939.5967,270,0.0802513
bright,step-07-minify_colors,7,loadMs,510.8000,481.7500,587.4000,341.5750,659.2000,270,5.24541e-32
bright,step-07-minify_colors,7,fps,621.3417,614.6616,696.3482,532.9336,944.8184,270,0.0482639
bright,step-15-layer_merge,15,loadMs,524.8000,490.9500,590.7000,343.2250,658.9000,270,1.02289e-34
bright,step-15-layer_merge,15,fps,631.5778,612.8188,694.6799,537.1436,955.2237,270,0.00503049
bright,step-16-selectivity_reorder,16,loadMs,525.9000,483.7000,579.1000,342.3500,651.0500,270,1.69205e-33
bright,step-16-selectivity_reorder,16,fps,622.1150,611.3528,695.5159,532.5502,953.0298,270,0.00485116
bright,step-17-tile_shave_only,17,loadMs,138.3000,137.2000,139.4000,134.2500,146.9500,270,1.33052e-40
bright,step-17-tile_shave_only,17,fps,1580.2402,1535.0026,1593.7024,1407.3759,1997.6084,270,5.16209e-45
bright,step-18-tile_shave,18,loadMs,136.3000,135.5500,137.3500,133.1000,142.8500,270,5.46412e-38
bright,step-18-tile_shave,18,fps,1591.9845,1555.6232,1616.3083,1422.4063,2009.7110,270,3.24821e-45
bright,step-19-tile_rewrite,19,loadMs,135.9000,135.1000,136.5000,132.6000,140.1000,254,5.68349e-84
bright,step-19-tile_rewrite,19,fps,1613.7512,1603.6283,1627.2121,1547.2994,2015.7026,254,5.08505e-77
dark-matter,step-00-baseline,0,loadMs,362.5500,341.5000,373.5500,274.0000,411.2250,270,
dark-matter,step-00-baseline,0,fps,1022.2040,887.8308,1116.6982,809.5384,1190.8773,270,
dark-matter,step-01-simplify_unary,1,loadMs,363.3000,340.0500,373.2500,275.3500,408.5750,270,0.879575
dark-matter,step-01-simplify_unary,1,fps,1026.2578,868.3601,1121.1001,804.1148,1186.4115,270,0.366197
dark-matter,step-03-constant_fold,3,loadMs,351.4000,332.5500,366.4000,274.4000,391.8500,270,1.20156e-12
dark-matter,step-03-constant_fold,3,fps,1027.7886,871.1930,1111.3659,803.4250,1174.9593,270,4.27341e-05
dark-matter,step-04-constant_fold_stats,4,loadMs,352.4000,336.6000,363.7500,272.9500,402.6000,270,3.22495e-13
dark-matter,step-04-constant_fold_stats,4,fps,973.8150,871.8366,1117.1716,804.3992,1175.1493,270,2.64341e-07
dark-matter,step-05-simplify_expressions,5,loadMs,354.6500,336.8500,368.7500,271.8750,398.7750,270,7.70973e-13
dark-matter,step-05-simplify_expressions,5,fps,989.0721,873.4083,1117.3534,806.0039,1175.6446,270,6.73373e-05
dark-matter,step-06-strip_defaults,6,loadMs,354.5000,334.1500,365.7500,271.8000,399.0750,270,1.94535e-17
dark-matter,step-06-strip_defaults,6,fps,1028.8857,891.9157,1141.4931,818.5401,1206.9935,270,7.53415e-26
dark-matter,step-07-minify_colors,7,loadMs,350.1500,331.0000,367.8000,268.9000,396.4750,270,2.23398e-17
dark-matter,step-07-minify_colors,7,fps,1035.2542,889.7837,1140.3665,815.7351,1211.1760,270,2.92457e-22
dark-matter,step-08-strip_metadata,8,loadMs,355.0500,331.3000,365.5500,269.0000,404.2750,270,1.24315e-20
dark-matter,step-08-strip_metadata,8,fps,1013.5129,884.9439,1140.1876,816.3176,1209.2856,270,7.36895e-19
dark-matter,step-13-metadata_refinement_stats,13,loadMs,356.2000,333.0500,365.9500,267.9000,401.3250,270,1.23834e-14
dark-matter,step-13-metadata_refinement_stats,13,fps,1061.0563,964.0710,1176.6151,828.2390,1370.0107,270,1.40912e-35
dark-matter,step-14-cleanup,14,loadMs,349.9000,332.3500,364.0500,269.0500,398.0750,270,3.66779e-21
dark-matter,step-14-cleanup,14,fps,1035.5830,974.0955,1171.6960,830.3871,1381.6952,270,9.23282e-37
dark-matter,step-15-layer_merge,15,loadMs,353.2000,333.9500,365.4500,269.9500,395.2500,270,4.06923e-20
dark-matter,step-15-layer_merge,15,fps,1042.5345,976.0516,1175.4464,835.5392,1380.2721,270,4.51224e-37
dark-matter,step-16-selectivity_reorder,16,loadMs,352.6500,329.3500,366.1000,271.2750,395.7250,270,5.19323e-22
dark-matter,step-16-selectivity_reorder,16,fps,1052.3868,980.8767,1170.2768,825.1075,1378.9627,270,5.9885e-35
dark-matter,step-17-tile_shave_only,17,loadMs,118.8000,118.2000,119.9500,115.5000,127.3500,270,1.24123e-37
dark-matter,step-17-tile_shave_only,17,fps,2162.1926,2067.1960,2238.4491,1715.7760,2465.7439,270,9.27631e-41
dark-matter,step-18-tile_shave,18,loadMs,114.1000,113.4000,115.0000,110.6000,124.8000,270,6.0136e-38
dark-matter,step-18-tile_shave,18,fps,2296.4267,2155.0124,2337.7110,1769.1226,2563.9168,270,8.7535e-45
dark-matter,step-19-tile_rewrite,19,loadMs,113.7500,113.2000,114.8500,110.6250,121.0000,270,4.92707e-46
dark-matter,step-19-tile_rewrite,19,fps,2470.5872,2426.3492,2524.8915,2323.4164,2584.6062,270,4.92737e-46
fiord,step-00-baseline,0,loadMs,370.9000,328.5000,379.1000,284.2250,414.9000,270,
fiord,step-00-baseline,0,fps,919.4411,905.7843,939.0086,828.8004,1173.9882,270,
fiord,step-01-simplify_unary,1,loadMs,370.0000,326.8000,380.1500,284.7500,415.9250,270,0.433665
fiord,step-01-simplify_unary,1,fps,921.0149,899.9121,945.0936,832.3845,1184.7278,270,0.971117
fiord,step-04-constant_fold_stats,4,loadMs,370.7000,333.8000,380.5000,285.7500,415.0750,270,0.00529588
fiord,step-04-constant_fold_stats,4,fps,919.5653,903.2937,939.7381,847.1574,1183.0597,270,0.0991918
fiord,step-05-simplify_expressions,5,loadMs,364.4500,332.7500,372.5500,282.0750,407.0500,270,3.91432e-16
fiord,step-05-simplify_expressions,5,fps,941.3238,923.0292,962.1968,829.0534,1181.8449,270,2.07179e-09
fiord,step-06-strip_defaults,6,loadMs,357.2000,323.8000,373.0000,281.4500,407.2250,270,1.56236e-17
fiord,step-06-strip_defaults,6,fps,941.8605,924.5909,961.5179,849.1463,1191.2475,270,9.99192e-15
fiord,step-07-minify_colors,7,loadMs,365.0000,325.6000,376.0000,281.2500,402.7750,270,6.2107e-18
fiord,step-07-minify_colors,7,fps,945.9525,922.0217,963.2325,836.2181,1176.2417,270,2.72881e-16
fiord,step-09-dead_elimination,9,loadMs,360.6000,332.8000,371.2000,278.2250,401.7750,270,2.40445e-26
fiord,step-09-dead_elimination,9,fps,979.4434,960.5145,1001.2583,878.5027,1227.6069,270,2.86168e-41
fiord,step-12-metadata_refinement_paint,12,loadMs,363.4500,319.6000,372.6013,278.2250,401.9000,270,6.00059e-27
fiord,step-12-metadata_refinement_paint,12,fps,977.2557,960.6157,998.3481,865.5313,1221.3628,270,1.31026e-41
fiord,step-13-metadata_refinement_stats,13,loadMs,354.9500,322.7000,371.4500,280.2500,401.6250,270,4.40941e-26
fiord,step-13-metadata_refinement_stats,13,fps,1008.6526,987.0803,1042.0787,906.6838,1385.5247,270,7.50496e-45
fiord,step-14-cleanup,14,loadMs,352.0000,320.3000,368.5500,279.0250,399.3750,270,2.46781e-33
fiord,step-14-cleanup,14,fps,1027.2482,1002.1946,1057.1326,912.8444,1396.9441,270,3.96206e-45
fiord,step-15-layer_merge,15,loadMs,359.0500,330.1500,368.7000,279.5000,401.8000,270,3.55646e-25
fiord,step-15-layer_merge,15,fps,1022.2437,993.7018,1052.0279,917.9351,1404.5889,270,1.37281e-44
fiord,step-16-selectivity_reorder,16,loadMs,352.5000,323.0000,365.9500,276.4250,398.7750,270,1.41015e-30
fiord,step-16-selectivity_reorder,16,fps,1015.8189,992.8976,1051.7476,916.6268,1392.6422,270,3.62732e-45
fiord,step-17-tile_shave_only,17,loadMs,125.5000,124.4000,126.9000,121.5500,139.9250,270,2.13317e-37
fiord,step-17-tile_shave_only,17,fps,2023.1199,1955.2480,2047.6299,1439.9365,2182.7399,270,2.31739e-42
fiord,step-18-tile_shave,18,loadMs,120.8500,119.4000,121.9000,116.3000,129.5750,270,1.04638e-37
fiord,step-18-tile_shave,18,fps,2253.6035,2228.9957,2279.6155,1545.9616,2425.3688,270,5.82355e-46
fiord,step-19-tile_rewrite,19,loadMs,120.5000,119.3000,121.4500,116.2250,130.4750,270,4.92692e-46
fiord,step-19-tile_rewrite,19,fps,2280.9188,2257.8094,2304.7473,1824.3600,2434.5771,270,4.92737e-46
icgc-fosc,step-00-baseline,0,loadMs,583.3500,572.7487,626.9000,441.7750,759.1000,270,
icgc-fosc,step-00-baseline,0,fps,705.2315,689.0365,738.6156,615.8942,835.4172,270,
icgc-fosc,step-01-simplify_unary,1,loadMs,538.3500,515.2500,568.3287,394.9250,649.6500,270,4.98159e-46
icgc-fosc,step-01-simplify_unary,1,fps,708.2213,689.2734,749.4663,630.8617,815.1704,270,0.733947
icgc-fosc,step-03-constant_fold,3,loadMs,558.9500,539.4000,584.7000,394.1250,721.3500,270,2.04665e-42
icgc-fosc,step-03-constant_fold,3,fps,674.2686,647.5993,717.3751,598.7303,780.3359,270,2.68854e-21
icgc-fosc,step-04-constant_fold_stats,4,loadMs,535.8500,523.4000,584.1000,360.7500,684.1000,270,9.13658e-46
icgc-fosc,step-04-constant_fold_stats,4,fps,668.2397,644.3222,716.0691,593.5698,777.7310,270,1.06324e-23
icgc-fosc,step-05-simplify_expressions,5,loadMs,533.6000,513.8000,584.1500,358.8000,690.9500,270,8.59453e-46
icgc-fosc,step-05-simplify_expressions,5,fps,671.0069,647.6447,718.4654,588.3480,778.8805,270,2.15023e-20
icgc-fosc,step-06-strip_defaults,6,loadMs,526.4000,496.8500,570.1000,355.7250,681.8750,270,6.08784e-46
icgc-fosc,step-06-strip_defaults,6,fps,664.5315,651.2882,728.3544,606.0145,799.7448,270,7.74776e-12
icgc-fosc,step-07-minify_colors,7,loadMs,525.5500,516.2000,569.1000,358.1250,682.7000,270,6.15585e-46
icgc-fosc,step-07-minify_colors,7,fps,667.3605,653.1284,724.1096,606.3071,794.6155,270,5.06042e-12
icgc-fosc,step-08-strip_metadata,8,loadMs,522.9000,494.0500,573.5000,357.5000,680.3500,270,5.85525e-46
icgc-fosc,step-08-strip_metadata,8,fps,667.9960,654.7072,730.7891,605.0793,796.8582,270,2.09726e-11
icgc-fosc,step-09-dead_elimination,9,loadMs,511.6000,493.4175,550.2500,346.6000,659.1000,270,5.82269e-46
icgc-fosc,step-09-dead_elimination,9,fps,721.5970,690.6486,792.8747,634.7985,846.3562,270,2.13753e-22
icgc-fosc,step-12-metadata_refinement_paint,12,loadMs,507.3500,475.4500,539.3000,352.1250,657.4750,270,5.56904e-46
icgc-fosc,step-12-metadata_refinement_paint,12,fps,719.2222,697.8968,787.3707,632.7548,849.2688,270,2.13299e-21
icgc-fosc,step-13-metadata_refinement_stats,13,loadMs,506.4500,494.6500,534.8500,343.5250,660.6750,270,5.0943e-46
icgc-fosc,step-13-metadata_refinement_stats,13,fps,736.2925,717.6666,812.9783,655.5223,881.2786,270,6.346e-35
icgc-fosc,step-14-cleanup,14,loadMs,485.7000,469.1500,528.5000,330.3250,630.1250,270,4.9268e-46
icgc-fosc,step-14-cleanup,14,fps,845.6244,832.0808,905.4333,725.7966,1071.5506,270,1.17313e-45
icgc-fosc,step-17-tile_shave_only,17,loadMs,213.7500,212.0500,216.0000,203.8250,231.3500,270,7.92768e-41
icgc-fosc,step-17-tile_shave_only,17,fps,1020.3358,1013.1041,1026.8646,833.3956,1297.0348,270,4.84393e-43
icgc-gris,step-00-baseline,0,loadMs,1336.9000,1316.0000,1361.0000,1208.4750,1491.1750,270,
icgc-gris,step-00-baseline,0,fps,576.9631,552.5698,590.0611,467.6634,622.9898,270,
icgc-gris,step-01-simplify_unary,1,loadMs,558.6000,543.2500,604.0000,409.5250,688.2750,270,4.92715e-46
icgc-gris,step-01-simplify_unary,1,fps,586.0175,579.6045,591.5961,498.8012,646.1761,270,1.27339e-09
icgc-gris,step-03-constant_fold,3,loadMs,580.3000,564.7500,655.4387,407.6250,743.6000,270,4.92737e-46
icgc-gris,step-03-constant_fold,3,fps,580.2387,572.3206,585.6953,494.1911,644.3454,270,4.10442e-05
icgc-gris,step-04-constant_fold_stats,4,loadMs,558.6000,540.1900,632.7500,391.2500,717.3250,270,4.92737e-46
icgc-gris,step-04-constant_fold_stats,4,fps,583.0339,577.7576,587.8642,502.9588,643.6511,270,6.01527e-11
icgc-gris,step-05-simplify_expressions,5,loadMs,558.5000,531.6000,633.9500,390.3000,719.7250,270,4.92734e-46
icgc-gris,step-05-simplify_expressions,5,fps,580.1224,573.4137,587.4928,501.8095,639.0118,270,2.09587e-10
icgc-gris,step-06-strip_defaults,6,loadMs,553.1000,523.3000,604.4000,387.5250,703.3500,270,4.92737e-46
icgc-gris,step-06-strip_defaults,6,fps,592.7255,588.1348,597.9423,522.8061,661.8866,270,3.75844e-25
icgc-gris,step-07-minify_colors,7,loadMs,550.3000,531.8000,614.3000,386.1000,702.0750,270,4.9273e-46
icgc-gris,step-07-minify_colors,7,fps,591.0717,584.7297,597.0020,516.7323,666.0516,270,3.09208e-23
icgc-gris,step-08-strip_metadata,8,loadMs,547.6500,527.5000,623.3000,386.7250,701.3750,270,4.92737e-46
icgc-gris,step-08-strip_metadata,8,fps,591.1917,585.9682,601.0118,516.1476,666.9805,270,1.5984e-24
icgc-gris,step-09-dead_elimination,9,loadMs,544.0000,507.9000,587.5500,374.0000,680.9750,270,4.92734e-46
icgc-gris,step-09-dead_elimination,9,fps,622.8030,615.7330,649.8828,562.2984,724.3724,270,1.21511e-43
icgc-gris,step-12-metadata_refinement_paint,12,loadMs,544.3500,504.2000,600.5000,372.6250,679.0250,270,4.92722e-46
icgc-gris,step-12-metadata_refinement_paint,12,fps,622.9690,615.8369,645.7739,554.6282,718.6896,270,4.3735e-44
icgc-gris,step-13-metadata_refinement_stats,13,loadMs,538.3500,511.7925,603.7000,371.0250,676.6000,270,4.92734e-46
icgc-gris,step-13-metadata_refinement_stats,13,fps,626.4968,618.8473,654.3446,568.7932,739.5420,270,2.12741e-44
icgc-gris,step-14-cleanup,14,loadMs,534.4500,504.4500,608.2500,369.6000,674.5500,270,4.92726e-46
icgc-gris,step-14-cleanup,14,fps,628.2908,620.0241,674.8257,563.2647,742.5728,270,2.08137e-44
icgc-gris,step-17-tile_shave_only,17,loadMs,1340.9000,1312.5862,1364.2500,1216.7250,1485.0750,270,0.588934
icgc-gris,step-17-tile_shave_only,17,fps,628.1563,614.6940,644.1654,573.5176,893.2541,270,1.54384e-42
klokan-basic,step-00-baseline,0,loadMs,319.7500,311.4500,328.8000,296.3750,352.2000,270,
klokan-basic,step-00-baseline,0,fps,1098.2403,1061.8302,1111.4763,1018.1553,1356.1183,270,
klokan-basic,step-01-simplify_unary,1,loadMs,317.8000,308.8000,328.5500,294.6250,353.4500,270,0.0992319
klokan-basic,step-01-simplify_unary,1,fps,1093.3791,1064.0069,1119.9776,1014.3200,1356.1887,270,0.737469
klokan-basic,step-03-constant_fold,3,loadMs,312.0000,306.3500,321.2000,290.7250,345.7250,270,3.45317e-15
klokan-basic,step-03-constant_fold,3,fps,1068.5183,1035.5033,1100.4900,994.2029,1354.1359,270,1.71267e-13
klokan-basic,step-04-constant_fold_stats,4,loadMs,312.6000,306.6975,323.9500,290.8250,345.2000,270,9.91589e-16
klokan-basic,step-04-constant_fold_stats,4,fps,1065.3239,1041.8109,1090.9544,1003.0341,1355.6827,270,1.24515e-14
klokan-basic,step-05-simplify_expressions,5,loadMs,315.5500,309.4000,323.2000,291.5500,343.1500,270,2.04124e-07
klokan-basic,step-05-simplify_expressions,5,fps,1063.7673,1036.1284,1090.0521,999.8900,1342.6314,270,2.44456e-16
klokan-basic,step-06-strip_defaults,6,loadMs,312.8000,306.7500,319.3000,288.4250,342.2500,270,8.56115e-19
klokan-basic,step-06-strip_defaults,6,fps,1089.4493,1064.2526,1123.4659,1025.9562,1385.4128,270,4.26356e-19
klokan-basic,step-07-minify_colors,7,loadMs,310.4000,307.0000,320.1000,293.5000,342.2750,270,1.27394e-13
klokan-basic,step-07-minify_colors,7,fps,1092.7365,1073.5975,1116.7492,1039.2999,1391.6190,270,8.15226e-18
klokan-basic,step-08-strip_metadata,8,loadMs,312.1500,306.9000,320.9000,290.9500,343.2500,270,1.05672e-12
klokan-basic,step-08-strip_metadata,8,fps,1093.1731,1073.2304,1134.0888,1031.1913,1384.0508,270,4.952e-15
klokan-basic,step-12-metadata_refinement_paint,12,loadMs,314.9500,305.5000,321.2000,290.4250,343.0500,270,4.46569e-16
klokan-basic,step-12-metadata_refinement_paint,12,fps,1096.8686,1073.1918,1124.9441,1035.7646,1389.0291,270,8.90327e-18
klokan-basic,step-13-metadata_refinement_stats,13,loadMs,310.3500,303.2000,318.7500,288.4500,338.1500,270,3.04894e-22
klokan-basic,step-13-metadata_refinement_stats,13,fps,1130.7515,1101.0110,1183.3331,1059.3466,1551.4443,270,3.66537e-30
klokan-basic,step-14-cleanup,14,loadMs,309.9000,304.9500,317.5000,289.1250,338.9750,270,1.33969e-20
klokan-basic,step-14-cleanup,14,fps,1127.4251,1104.8171,1188.7141,1064.0686,1554.7009,270,7.42971e-29
klokan-basic,step-15-layer_merge,15,loadMs,310.8500,306.6000,321.0000,290.5000,342.5000,270,3.0312e-10
klokan-basic,step-15-layer_merge,15,fps,1140.0183,1112.8850,1191.1066,1068.3411,1555.3050,270,2.79475e-37
klokan-basic,step-16-selectivity_reorder,16,loadMs,313.6000,306.6000,320.8500,290.2000,339.8500,270,6.35811e-10
klokan-basic,step-16-selectivity_reorder,16,fps,1139.2466,1118.9679,1189.7878,1067.8849,1586.2960,270,6.346e-35
klokan-basic,step-17-tile_shave_only,17,loadMs,120.4000,119.3000,121.4000,115.5250,128.8750,270,1.70916e-43
klokan-basic,step-17-tile_shave_only,17,fps,2232.9227,2202.8817,2257.1962,1922.8546,2410.2162,270,4.92737e-46
klokan-basic,step-18-tile_shave,18,loadMs,117.6000,116.8000,118.9500,112.6250,127.0250,270,1.38015e-44
klokan-basic,step-18-tile_shave,18,fps,2381.4648,2352.8677,2405.9124,2011.0258,2518.8840,270,4.92737e-46
klokan-basic,step-19-tile_rewrite,19,loadMs,118.1000,116.8000,119.3500,112.6250,129.4500,270,4.92669e-46
klokan-basic,step-19-tile_rewrite,19,fps,2461.0278,2430.0652,2481.9617,2337.2234,2581.2055,270,4.92737e-46
liberty,step-00-baseline,0,loadMs,466.4500,442.3000,526.6000,342.7250,591.2750,270,
liberty,step-00-baseline,0,fps,662.4554,635.4335,693.2031,556.0088,865.1561,270,
liberty,step-01-simplify_unary,1,loadMs,465.5500,442.6500,523.4000,338.2000,597.7250,270,0.895307
liberty,step-01-simplify_unary,1,fps,664.0054,637.8581,704.3301,554.6891,854.7364,270,0.420975
liberty,step-04-constant_fold_stats,4,loadMs,459.6000,438.8500,523.7000,335.9750,583.1750,270,1.69808e-18
liberty,step-04-constant_fold_stats,4,fps,665.1239,644.6943,704.8018,551.1476,851.5369,270,0.2561
liberty,step-05-simplify_expressions,5,loadMs,524.9000,476.3500,584.4000,340.9000,673.7750,270,6.05259e-32
liberty,step-05-simplify_expressions,5,fps,645.2933,613.6022,700.6545,502.1068,895.2536,270,1.0296e-08
liberty,step-06-strip_defaults,6,loadMs,524.1500,474.9000,590.0000,340.1750,671.7750,270,3.09678e-31
liberty,step-06-strip_defaults,6,fps,644.7685,617.3588,705.3359,505.5930,897.6838,270,4.69221e-08
liberty,step-07-minify_colors,7,loadMs,523.6500,478.4500,595.4000,341.7000,672.7750,270,2.14919e-30
liberty,step-07-minify_colors,7,fps,642.0043,618.6347,700.2543,504.9162,892.5881,270,1.93258e-10
liberty,step-15-layer_merge,15,loadMs,523.1500,480.2500,586.8000,334.7500,671.2500,270,3.37183e-26
liberty,step-15-layer_merge,15,fps,664.5293,631.5165,714.5590,517.5691,903.1740,270,0.00638723
liberty,step-16-selectivity_reorder,16,loadMs,513.4000,470.1000,585.2000,333.3250,665.2750,270,4.56574e-26
liberty,step-16-selectivity_reorder,16,fps,665.6702,633.5445,716.0742,516.8956,901.5213,270,0.0020489
liberty,step-17-tile_shave_only,17,loadMs,137.4000,136.4000,138.5000,133.5250,147.9000,270,3.86261e-41
liberty,step-17-tile_shave_only,17,fps,1592.3277,1500.4665,1623.9274,1342.3624,1983.9222,270,1.24005e-45
liberty,step-18-tile_shave,18,loadMs,133.9000,132.9000,134.9000,130.1000,140.0250,270,7.81537e-38
liberty,step-18-tile_shave,18,fps,1623.2877,1528.3324,1653.0160,1369.8265,2021.3951,270,1.04987e-45
liberty,step-19-tile_rewrite,19,loadMs,133.7000,132.9000,134.2000,130.2000,137.6750,254,1.42665e-78
liberty,step-19-tile_rewrite,19,fps,1655.2483,1638.6408,1677.6739,1518.4477,2025.7523,254,2.02051e-79
osm-bright,step-00-baseline,0,loadMs,504.8500,487.1000,515.2000,350.9000,595.3000,540,
osm-bright,step-00-baseline,0,fps,667.8517,644.4612,679.0322,549.4980,907.6200,540,
osm-bright,step-01-simplify_unary,1,loadMs,495.9000,487.4500,510.1000,349.6000,598.6000,540,0.387014
osm-bright,step-01-simplify_unary,1,fps,667.2390,647.2814,681.5489,540.0220,911.2864,540,0.0129976
osm-bright,step-03-constant_fold,3,loadMs,536.5000,495.8500,560.2000,351.5000,641.8000,540,2.70186e-60
osm-bright,step-03-constant_fold,3,fps,673.2052,655.1442,681.9415,525.9023,957.4085,540,0.000767267
osm-bright,step-04-constant_fold_stats,4,loadMs,521.4500,490.7000,564.6000,346.2000,634.4000,540,7.962e-61
osm-bright,step-04-constant_fold_stats,4,fps,663.9498,655.0000,685.6459,528.8658,1010.5107,540,2.71606e-05
osm-bright,step-05-simplify_expressions,5,loadMs,530.3500,504.7500,574.1000,349.7000,640.2000,540,3.3039e-62
osm-bright,step-05-simplify_expressions,5,fps,663.6482,655.4248,682.6464,521.3931,1031.7241,540,0.000568494
osm-bright,step-06-strip_defaults,6,loadMs,536.1000,501.2000,584.8000,347.2000,639.4000,540,6.87846e-56
osm-bright,step-06-strip_defaults,6,fps,683.7801,673.0705,704.0741,556.0442,1073.6319,540,8.81284e-75
osm-bright,step-07-minify_colors,7,loadMs,531.9500,496.2000,586.8000,346.3000,637.1000,540,1.06122e-50
osm-bright,step-07-minify_colors,7,fps,682.0058,674.6830,703.6611,558.7980,1050.4755,540,1.19887e-73
osm-bright,step-08-strip_metadata,8,loadMs,530.6000,496.2000,586.8000,347.0000,640.6000,540,1.33875e-55
osm-bright,step-08-strip_metadata,8,fps,684.2869,665.1015,703.9635,560.9453,1072.1898,540,1.80094e-72
osm-bright,step-09-dead_elimination,9,loadMs,539.3000,495.7000,582.9000,346.8000,639.8000,540,1.43467e-46
osm-bright,step-09-dead_elimination,9,fps,682.0221,670.5042,701.6913,568.2006,1034.7314,540,1.24799e-73
osm-bright,step-12-metadata_refinement_paint,12,loadMs,543.8000,510.3000,595.8000,345.6000,661.5000,540,8.94164e-53
osm-bright,step-12-metadata_refinement_paint,12,fps,687.1843,676.1736,707.3414,543.3112,1008.0844,540,3.00874e-68
osm-bright,step-13-metadata_refinement_stats,13,loadMs,529.3500,507.3000,577.1000,342.5000,655.9000,540,4.71189e-45
osm-bright,step-13-metadata_refinement_stats,13,fps,714.4993,701.2182,735.4114,657.1500,1125.3895,540,1.05887e-85
osm-bright,step-14-cleanup,14,loadMs,536.0500,502.4500,576.8000,343.8000,654.2000,540,2.58145e-45
osm-bright,step-14-cleanup,14,fps,716.9214,706.9187,738.4629,647.0998,1132.2114,540,7.60644e-87
osm-bright,step-15-layer_merge,15,loadMs,531.6500,513.9000,571.8000,342.9000,662.1000,540,8.28727e-53
osm-bright,step-15-layer_merge,15,fps,739.4216,717.7510,747.8313,658.5961,1149.8076,540,2.46905e-86
osm-bright,step-16-selectivity_reorder,16,loadMs,531.8000,510.5500,566.6000,342.6000,646.2000,540,3.99303e-48
osm-bright,step-16-selectivity_reorder,16,fps,729.1934,715.6146,741.9151,654.4072,1152.1826,540,8.75196e-88
osm-bright,step-17-tile_shave_only,17,loadMs,137.5000,136.7000,138.7000,134.1000,146.4000,540,3.15461e-76
osm-bright,step-17-tile_shave_only,17,fps,1602.3104,1581.4980,1613.9737,1414.4255,2003.3735,540,1.02325e-89
osm-bright,step-18-tile_shave,18,loadMs,132.6000,131.8000,133.5000,129.2000,139.5000,540,2.26486e-75
osm-bright,step-18-tile_shave,18,fps,1728.7834,1718.0609,1739.7600,1559.4636,2171.1724,540,3.72163e-90
osm-bright,step-19-tile_rewrite,19,loadMs,132.7000,132.1000,133.4000,129.2000,139.7000,540,1.45607e-88
osm-bright,step-19-tile_rewrite,19,fps,1738.3296,1728.2214,1747.9197,1674.2073,2174.8779,540,3.72163e-90
osm-liberty,step-00-baseline,0,loadMs,472.7500,466.4000,514.2000,396.9500,580.8000,270,
osm-liberty,step-00-baseline,0,fps,594.4378,577.0537,619.9353,433.5194,893.5704,270,
osm-liberty,step-01-simplify_unary,1,loadMs,462.0500,435.4500,530.6000,327.4250,586.8750,270,0.0270107
osm-liberty,step-01-simplify_unary,1,fps,593.1718,578.5901,618.0603,431.4165,917.0349,270,0.243605
osm-liberty,step-03-constant_fold,3,loadMs,517.5000,478.7000,577.7000,336.0750,668.9750,270,2.79422e-15
osm-liberty,step-03-constant_fold,3,fps,569.5791,548.5726,623.1770,429.6792,917.9395,270,0.058528
osm-liberty,step-04-constant_fold_stats,4,loadMs,520.7500,489.4000,575.9000,337.0750,670.5250,270,4.16265e-15
osm-liberty,step-04-constant_fold_stats,4,fps,564.0447,553.7190,612.7189,430.6630,922.3320,270,0.000599401
osm-liberty,step-05-simplify_expressions,5,loadMs,508.6500,473.0000,564.0000,340.2500,677.1250,270,2.19601e-15
osm-liberty,step-05-simplify_expressions,5,fps,569.2783,548.3450,621.0680,432.2794,917.1503,270,0.198194
osm-liberty,step-06-strip_defaults,6,loadMs,513.3500,474.8000,569.9000,334.5500,671.9250,270,6.45895e-15
osm-liberty,step-06-strip_defaults,6,fps,577.3391,550.9633,623.4565,429.7088,920.2501,270,0.221675
osm-liberty,step-07-minify_colors,7,loadMs,514.1000,476.5000,575.3000,337.5500,668.6000,270,7.26079e-15
osm-liberty,step-07-minify_colors,7,fps,570.2625,552.1589,621.6288,431.6057,919.7237,270,0.213827
osm-liberty,step-08-strip_metadata,8,loadMs,521.3000,473.0500,575.9500,336.1750,667.4750,270,1.18214e-14
osm-liberty,step-08-strip_metadata,8,fps,564.4574,551.1355,623.3350,432.0741,926.6277,270,0.363313
osm-liberty,step-09-dead_elimination,9,loadMs,509.1500,487.8500,574.3000,333.9000,651.1250,270,2.08075e-14
osm-liberty,step-09-dead_elimination,9,fps,574.1245,553.0625,620.0795,430.6481,938.4889,270,0.715845
osm-liberty,step-12-metadata_refinement_paint,12,loadMs,513.1000,481.5000,567.3000,336.6000,641.8500,270,1.67794e-13
osm-liberty,step-12-metadata_refinement_paint,12,fps,586.0534,557.5174,619.2442,432.2784,942.4525,270,0.0667544
osm-liberty,step-13-metadata_refinement_stats,13,loadMs,513.9500,480.8500,572.1000,333.7500,635.7750,270,1.94751e-12
osm-liberty,step-13-metadata_refinement_stats,13,fps,622.6620,606.8129,637.3916,500.5741,961.0472,270,3.04961e-15
osm-liberty,step-14-cleanup,14,loadMs,506.4500,478.9000,556.9000,334.2500,643.0500,270,1.37419e-11
osm-liberty,step-14-cleanup,14,fps,624.3467,604.2148,640.8983,495.0317,962.3547,270,1.67092e-15
osm-liberty,step-15-layer_merge,15,loadMs,504.1000,477.3500,560.1500,334.6750,632.4750,270,2.0941e-12
osm-liberty,step-15-layer_merge,15,fps,638.9824,620.7983,659.3609,501.7194,969.3171,270,3.56823e-30
osm-liberty,step-16-selectivity_reorder,16,loadMs,507.0500,474.4500,566.6000,334.5250,632.9000,270,1.40388e-12
osm-liberty,step-16-selectivity_reorder,16,fps,637.8031,623.8257,654.4305,498.9885,967.5497,270,5.9691e-29
osm-liberty,step-17-tile_shave_only,17,loadMs,135.6000,134.7000,137.3000,131.5250,158.7000,270,8.40084e-44
osm-liberty,step-17-tile_shave_only,17,fps,1704.7212,1567.5887,1724.5731,1416.7161,2057.6574,270,1.09588e-42
osm-liberty,step-18-tile_shave,18,loadMs,134.0500,132.8000,134.9000,129.6000,141.5750,270,4.7662e-43
osm-liberty,step-18-tile_shave,18,fps,1767.3831,1692.8251,1781.4533,1524.2733,2104.2103,270,6.9088e-44
osm-liberty,step-19-tile_rewrite,19,loadMs,132.1500,131.0000,133.6500,128.4000,137.7250,240,1.8165e-78
osm-liberty,step-19-tile_rewrite,19,fps,1784.8317,1769.7429,1811.4837,1649.0516,2107.6027,240,9.39323e-82
positron,step-00-baseline,0,loadMs,404.4000,383.7500,415.4500,289.1250,447.7000,270,
positron,step-00-baseline,0,fps,865.4953,831.4243,930.0073,764.1438,1145.0395,270,
positron,step-01-simplify_unary,1,loadMs,383.0000,371.9000,404.4500,286.6250,446.0000,270,7.52643e-08
positron,step-01-simplify_unary,1,fps,859.8567,819.9681,941.8438,766.3021,1136.1100,270,0.20899
positron,step-04-constant_fold_stats,4,loadMs,387.8000,368.2000,403.7013,286.0250,435.3750,270,9.05042e-18
positron,step-04-constant_fold_stats,4,fps,860.0389,823.5775,935.7733,772.1039,1144.5711,270,0.477385
positron,step-05-simplify_expressions,5,loadMs,372.6000,356.1500,392.8000,281.7500,426.0750,270,1.1585e-32
positron,step-05-simplify_expressions,5,fps,849.8893,821.4481,938.6801,769.5403,1152.4399,270,0.880852
positron,step-06-strip_defaults,6,loadMs,373.9500,355.8500,390.9500,281.2250,426.7750,270,4.62348e-33
positron,step-06-strip_defaults,6,fps,841.8459,825.6090,939.1539,775.2670,1155.0580,270,0.0209393
positron,step-07-minify_colors,7,loadMs,374.9500,354.9000,391.3000,281.9250,426.9750,270,5.29329e-32
positron,step-07-minify_colors,7,fps,840.3434,824.9975,924.9692,771.4817,1148.5532,270,0.0991918
positron,step-16-selectivity_reorder,16,loadMs,372.0500,352.4500,388.3000,281.8250,426.2500,270,7.76443e-33
positron,step-16-selectivity_reorder,16,fps,841.3930,820.5356,939.1341,770.9316,1148.8276,270,0.0620376
positron,step-17-tile_shave_only,17,loadMs,123.4500,123.0000,124.5000,120.3000,130.2500,270,5.86819e-44
positron,step-17-tile_shave_only,17,fps,2055.0975,1996.2722,2074.7543,1612.4375,2297.8092,270,2.06446e-45
positron,step-18-tile_shave,18,loadMs,120.2000,119.3488,121.3500,116.3250,125.3500,270,2.19821e-44
positron,step-18-tile_shave,18,fps,2091.3882,2023.3927,2108.5102,1608.3261,2292.8871,270,5.03843e-46
positron,step-19-tile_rewrite,19,loadMs,119.2500,118.6000,120.0500,116.3750,122.4000,240,1.03105e-84
positron,step-19-tile_rewrite,19,fps,2252.7177,2157.2836,2278.7709,2089.0313,2374.8446,240,1.9434e-82
stadia-outdoors,step-00-baseline,0,loadMs,476.3500,444.4000,507.5500,353.6750,558.4750,270,
stadia-outdoors,step-00-baseline,0,fps,726.2665,706.2392,752.6274,602.7337,968.3721,270,
stadia-outdoors,step-01-simplify_unary,1,loadMs,442.5500,423.6000,486.8000,324.5250,558.1250,270,0.0115912
stadia-outdoors,step-01-simplify_unary,1,fps,727.8635,706.5661,759.5897,611.1749,968.5669,270,0.921536
stadia-outdoors,step-03-constant_fold,3,loadMs,478.5500,448.3000,571.3000,332.7000,616.4000,270,4.0546e-18
stadia-outdoors,step-03-constant_fold,3,fps,738.9483,708.9924,755.6929,582.9877,1045.1056,270,0.107091
stadia-outdoors,step-04-constant_fold_stats,4,loadMs,478.4500,444.0000,557.9000,330.4250,599.9750,270,1.18822e-15
stadia-outdoors,step-04-constant_fold_stats,4,fps,738.1383,712.5577,756.9178,592.3287,1021.6836,270,0.0070823
stadia-outdoors,step-05-simplify_expressions,5,loadMs,478.1500,445.2000,554.5500,330.3250,617.1750,270,9.36797e-16
stadia-outdoors,step-05-simplify_expressions,5,fps,739.7565,707.9437,755.9981,589.2504,1025.1216,270,0.000653149
stadia-outdoors,step-06-strip_defaults,6,loadMs,474.6000,441.7500,546.4000,324.3250,609.2500,270,9.98462e-14
stadia-outdoors,step-06-strip_defaults,6,fps,756.8894,722.1286,776.7760,609.5641,1062.8332,270,1.49405e-35
stadia-outdoors,step-07-minify_colors,7,loadMs,468.5500,440.3500,555.1000,325.8000,621.2000,270,6.96766e-14
stadia-outdoors,step-07-minify_colors,7,fps,759.6163,725.7286,776.1811,611.7540,1078.8625,270,1.07206e-35
stadia-outdoors,step-08-strip_metadata,8,loadMs,468.7000,438.0500,544.2500,324.6000,618.1750,270,1.20314e-13
stadia-outdoors,step-08-strip_metadata,8,fps,755.5558,724.4350,776.2016,604.4405,1051.7352,270,3.65505e-35
stadia-outdoors,step-09-dead_elimination,9,loadMs,470.3500,444.0000,542.4000,323.1000,616.6750,270,1.43451e-11
stadia-outdoors,step-09-dead_elimination,9,fps,758.1486,733.8964,778.5287,634.0304,1131.9524,270,3.41612e-40
stadia-outdoors,step-12-metadata_refinement_paint,12,loadMs,495.2000,461.6000,576.6000,331.4250,650.4500,270,9.39773e-18
stadia-outdoors,step-12-metadata_refinement_paint,12,fps,777.5858,746.3604,792.2130,603.5315,1116.2311,270,1.73313e-39
stadia-outdoors,step-13-metadata_refinement_stats,13,loadMs,498.3000,477.3000,578.9000,324.3250,654.8000,270,1.30861e-17
stadia-outdoors,step-13-metadata_refinement_stats,13,fps,784.0564,769.5501,792.4243,655.2043,1193.7767,270,1.16457e-44
stadia-outdoors,step-14-cleanup,14,loadMs,493.3500,474.5500,565.0000,324.4750,651.9250,270,1.51246e-17
stadia-outdoors,step-14-cleanup,14,fps,784.4149,769.3075,801.7946,672.0131,1217.9960,270,2.796e-44
stadia-outdoors,step-15-layer_merge,15,loadMs,501.0500,477.8000,567.9000,326.4250,650.7750,270,1.34763e-19
stadia-outdoors,step-15-layer_merge,15,fps,779.0430,769.7015,804.7384,664.0793,1248.2334,270,1.54794e-45
stadia-outdoors,step-16-selectivity_reorder,16,loadMs,491.5000,471.6500,568.4000,324.3000,639.2500,270,1.16678e-17
stadia-outdoors,step-16-selectivity_reorder,16,fps,779.7509,770.3427,795.5940,675.0995,1218.8570,270,9.08707e-46
stadia-outdoors,step-17-tile_shave_only,17,loadMs,140.4000,139.7000,141.2500,136.0500,147.2750,270,7.78612e-44
stadia-outdoors,step-17-tile_shave_only,17,fps,1576.3539,1534.0256,1587.2858,1361.3941,1973.1048,270,3.74455e-42
stadia-outdoors,step-18-tile_shave,18,loadMs,134.5500,133.5500,135.7000,130.8500,140.4500,270,1.21325e-42
stadia-outdoors,step-18-tile_shave,18,fps,1713.3747,1701.4509,1728.3172,1491.0278,2142.0507,270,4.98259e-46
stadia-outdoors,step-19-tile_rewrite,19,loadMs,133.4000,132.7000,133.9500,129.9750,135.6250,240,4.1269e-84
stadia-outdoors,step-19-tile_rewrite,19,fps,1840.7138,1763.3692,2003.6996,1715.3610,2172.3764,240,1.69304e-81
toner,step-00-baseline,0,loadMs,343.6000,333.0500,347.9500,284.5000,379.8250,270,
toner,step-00-baseline,0,fps,1273.2159,1254.9633,1328.1054,1192.3591,1423.9710,270,
toner,step-01-simplify_unary,1,loadMs,342.7500,334.8500,350.0513,285.1500,378.5250,270,0.307338
toner,step-01-simplify_unary,1,fps,1266.1413,1257.7080,1323.9991,1201.6043,1426.6266,270,0.903011
toner,step-03-constant_fold,3,loadMs,338.1000,329.2500,343.6000,289.4000,382.8000,270,0.533115
toner,step-03-constant_fold,3,fps,1246.9617,1233.6683,1298.4717,1191.7417,1404.0479,270,1.00036e-12
toner,step-04-constant_fold_stats,4,loadMs,334.4000,328.6000,338.8000,281.7000,379.0000,270,0.000110471
toner,step-04-constant_fold_stats,4,fps,1243.0520,1230.4531,1300.4007,1189.6829,1402.0827,270,3.00945e-13
toner,step-05-simplify_expressions,5,loadMs,340.6500,330.8500,344.3500,283.1500,385.7500,270,0.677842
toner,step-05-simplify_expressions,5,fps,1242.1933,1232.0640,1291.8959,1186.4982,1399.4306,270,3.00945e-13
toner,step-06-strip_defaults,6,loadMs,335.3500,326.7000,343.2000,281.5750,381.3750,270,1.10526e-05
toner,step-06-strip_defaults,6,fps,1284.4238,1263.5279,1337.4847,1215.3600,1451.4095,270,1.1545e-08
toner,step-07-minify_colors,7,loadMs,336.7000,329.2462,342.8000,281.2500,381.7750,270,0.0184724
toner,step-07-minify_colors,7,fps,1281.9319,1260.9138,1329.7506,1199.3485,1451.7840,270,5.89008e-08
toner,step-08-strip_metadata,8,loadMs,334.8500,327.3000,341.5000,281.3000,382.2250,270,0.00905178
toner,step-08-strip_metadata,8,fps,1280.2479,1263.2968,1326.9717,1222.8273,1450.4614,270,2.24661e-08
toner,step-13-metadata_refinement_stats,13,loadMs,336.7000,327.8500,342.6500,280.1500,381.0250,270,0.000457784
toner,step-13-metadata_refinement_stats,13,fps,1348.4695,1316.4768,1412.7668,1252.4680,1462.2555,270,5.53483e-17
toner,step-14-cleanup,14,loadMs,337.2000,331.2000,343.4000,279.5000,381.8000,269,0.715057
toner,step-14-cleanup,14,fps,1346.0771,1316.5117,1395.2456,1248.7732,1456.4205,269,0.00138658
toner,step-15-layer_merge,15,loadMs,337.7000,331.7500,342.6000,278.4750,379.9000,270,0.000125529
toner,step-15-layer_merge,15,fps,1358.8419,1334.3869,1427.9063,1274.5799,1486.4520,270,2.82223e-32
toner,step-16-selectivity_reorder,16,loadMs,333.2500,326.8500,337.8550,279.2000,372.3000,270,5.50695e-12
toner,step-16-selectivity_reorder,16,fps,1374.8129,1345.2218,1435.8871,1276.1981,1491.5564,270,1.15538e-32
toner,step-17-tile_shave_only,17,loadMs,125.2500,122.9000,128.7000,116.4750,140.2000,270,5.14446e-39
toner,step-17-tile_shave_only,17,fps,2291.9639,2210.4379,2406.5985,1867.4331,2597.4285,270,4.98259e-46
toner,step-18-tile_shave,18,loadMs,122.4000,119.9000,124.3000,113.7250,139.4250,270,2.64393e-41
toner,step-18-tile_shave,18,fps,2469.2532,2334.4399,2515.5034,1955.1678,2730.1786,270,4.92737e-46
toner,step-19-tile_rewrite,19,loadMs,121.8500,119.7000,124.5000,114.3500,137.0250,270,1.99639e-33
toner,step-19-tile_rewrite,19,fps,2540.7631,2521.1180,2585.8375,2191.5003,2789.2959,270,4.92737e-46
