style,scenario,baseline_median_ms,style_only_median_ms,shaving_only_median_ms,combined_median_ms,style_only_red_pct,shaving_only_red_pct,combined_red_pct,interaction_pct,super_additive
bright,bright/amazon-spiral,244.300,254.600,134.200,133.200,-4.216,45.068,45.477,4.625,true
bright,bright/beijing-pansweep,670.800,671.400,135.200,135.300,-0.089,79.845,79.830,0.075,true
bright,bright/blackforest-pansweep,336.100,338.600,339.400,345.600,-0.744,-0.982,-2.827,-1.101,false
bright,bright/blackforest-zigzag,389.000,341.400,340.000,342.900,12.237,12.596,11.851,-12.982,false
bright,bright/cairo-zigzag,522.900,622.400,140.500,137.500,-19.028,73.131,73.704,19.602,true
bright,bright/munich-spiral,448.200,495.600,472.100,509.300,-10.576,-5.332,-13.632,2.276,true
bright,bright/munich-zigzag,446.500,478.900,460.900,506.100,-7.256,-3.225,-13.348,-2.867,false
bright,bright/newyork-bearingspin,585.900,667.800,142.800,138.500,-13.978,75.627,76.361,14.712,true
bright,bright/newyork-zoomdrill,592.500,656.300,140.000,136.000,-10.768,76.371,77.046,11.443,true
bright,bright/paris-zigzag,549.100,610.600,134.100,132.300,-11.200,75.578,75.906,11.528,true
bright,bright/paris-zoomdrill,550.500,609.500,133.000,132.800,-10.718,75.840,75.876,10.754,true
bright,bright/rome-spiral,484.200,564.000,135.100,132.800,-16.481,72.098,72.573,16.956,true
bright,bright/sahara-pansweep,179.400,190.000,141.200,140.300,-5.909,21.293,21.795,6.410,true
bright,bright/stockholm-bearingspin,407.800,425.700,140.000,138.000,-4.389,65.669,66.160,4.880,true
bright,bright/swiss-zoomdrill,346.000,350.900,134.100,131.500,-1.416,61.243,61.994,2.168,true
bright,bright/tokyo-spiral,600.800,662.600,135.300,133.400,-10.286,77.480,77.796,10.603,true
bright,bright/tokyo-zigzag,600.900,680.800,134.100,134.600,-13.297,77.683,77.600,13.214,true
bright,bright/venice-spiral,295.900,320.400,133.100,134.800,-8.280,55.019,54.444,7.705,true
dark-matter,dark-matter/amazon-spiral,206.500,205.600,115.100,111.900,0.436,44.262,45.811,1.114,true
dark-matter,dark-matter/beijing-pansweep,527.300,526.900,115.300,111.300,0.076,78.134,78.892,0.683,true
dark-matter,dark-matter/blackforest-pansweep,272.300,264.800,297.700,287.300,2.754,-9.328,-5.509,1.065,true
dark-matter,dark-matter/blackforest-zigzag,267.700,264.600,293.900,284.300,1.158,-9.787,-6.201,2.428,true
dark-matter,dark-matter/cairo-zigzag,425.600,417.100,118.100,115.300,1.997,72.251,72.909,-1.339,false
dark-matter,dark-matter/munich-spiral,341.800,332.000,359.200,359.700,2.867,-5.091,-5.237,-3.013,false
dark-matter,dark-matter/munich-zigzag,341.600,329.000,364.700,358.700,3.689,-6.762,-5.006,-1.932,false
dark-matter,dark-matter/newyork-bearingspin,396.400,386.200,119.600,112.200,2.573,69.828,71.695,-0.706,false
dark-matter,dark-matter/newyork-zoomdrill,393.700,383.000,120.000,114.200,2.718,69.520,70.993,-1.245,false
dark-matter,dark-matter/paris-zigzag,412.200,394.600,125.700,122.400,4.270,69.505,70.306,-3.469,false
dark-matter,dark-matter/paris-zoomdrill,371.400,360.900,115.300,109.400,2.827,68.955,70.544,-1.239,false
dark-matter,dark-matter/rome-spiral,321.700,311.200,116.400,110.600,3.264,63.817,65.620,-1.461,false
dark-matter,dark-matter/sahara-pansweep,207.900,204.400,119.900,114.900,1.684,42.328,44.733,0.722,true
dark-matter,dark-matter/stockholm-bearingspin,376.200,368.100,117.600,113.700,2.153,68.740,69.777,-1.116,false
dark-matter,dark-matter/swiss-zoomdrill,295.400,288.800,115.200,110.600,2.234,61.002,62.559,-0.677,false
dark-matter,dark-matter/tokyo-spiral,435.100,424.600,116.700,109.200,2.413,73.179,74.902,-0.689,false
dark-matter,dark-matter/tokyo-zigzag,433.800,424.200,116.100,111.200,2.213,73.237,74.366,-1.083,false
dark-matter,dark-matter/venice-spiral,238.200,236.700,114.900,108.500,0.630,51.763,54.450,2.057,true
fiord,fiord/amazon-spiral,215.200,211.700,125.200,118.000,1.626,41.822,45.167,1.719,true
fiord,fiord/beijing-pansweep,495.300,487.600,122.700,115.900,1.555,75.227,76.600,-0.182,false
fiord,fiord/blackforest-pansweep,281.700,279.000,315.900,310.000,0.958,-12.141,-10.046,1.136,true
fiord,fiord/blackforest-zigzag,291.900,276.100,320.000,313.000,5.413,-9.627,-7.229,-3.015,false
fiord,fiord/cairo-zigzag,421.000,418.700,123.800,120.800,0.546,70.594,71.306,0.166,true
fiord,fiord/munich-spiral,323.000,312.400,352.100,343.100,3.282,-9.009,-6.223,-0.495,false
fiord,fiord/munich-zigzag,321.000,311.000,350.800,342.900,3.115,-9.283,-6.822,-0.654,false
fiord,fiord/newyork-bearingspin,439.800,421.200,137.400,127.000,4.229,68.759,71.123,-1.864,false
fiord,fiord/newyork-zoomdrill,405.700,387.800,124.400,118.300,4.412,69.337,70.841,-2.909,false
fiord,fiord/paris-zigzag,380.200,364.500,121.800,118.400,4.129,67.964,68.858,-3.235,false
fiord,fiord/paris-zoomdrill,378.200,368.200,121.000,116.000,2.644,68.006,69.328,-1.322,false
fiord,fiord/rome-spiral,364.600,347.200,126.000,121.500,4.772,65.442,66.676,-3.538,false
fiord,fiord/sahara-pansweep,177.500,170.000,126.100,120.200,4.225,28.958,32.282,-0.901,false
fiord,fiord/stockholm-bearingspin,395.600,379.200,134.000,127.900,4.146,66.127,67.669,-2.604,false
fiord,fiord/swiss-zoomdrill,282.600,275.500,120.100,120.800,2.512,57.502,57.254,-2.760,false
fiord,fiord/tokyo-spiral,419.800,398.800,118.900,114.100,5.002,71.677,72.820,-3.859,false
fiord,fiord/tokyo-zigzag,415.200,399.700,119.700,116.300,3.733,71.171,71.989,-2.914,false
fiord,fiord/venice-spiral,241.000,237.600,120.600,114.100,1.411,49.959,52.656,1.286,true
klokan-basic,klokan-basic/amazon-spiral,209.000,208.600,116.000,117.100,0.191,44.498,43.971,-0.718,false
klokan-basic,klokan-basic/beijing-pansweep,352.000,354.700,114.800,114.200,-0.767,67.386,67.557,0.938,true
klokan-basic,klokan-basic/blackforest-pansweep,295.200,288.700,269.600,264.500,2.202,8.672,10.400,-0.474,false
klokan-basic,klokan-basic/blackforest-zigzag,293.300,287.300,267.600,265.700,2.046,8.762,9.410,-1.398,false
klokan-basic,klokan-basic/cairo-zigzag,307.300,306.000,120.900,119.400,0.423,60.657,61.145,0.065,true
klokan-basic,klokan-basic/munich-spiral,306.700,300.500,317.700,310.600,2.022,-3.587,-1.272,0.293,true
klokan-basic,klokan-basic/munich-zigzag,308.400,298.400,318.900,308.400,3.243,-3.405,0.000,0.162,true
klokan-basic,klokan-basic/newyork-bearingspin,368.900,364.100,122.100,120.600,1.301,66.902,67.308,-0.895,false
klokan-basic,klokan-basic/newyork-zoomdrill,368.900,359.200,119.900,115.100,2.629,67.498,68.799,-1.328,false
klokan-basic,klokan-basic/paris-zigzag,353.000,336.200,113.000,114.500,4.759,67.989,67.564,-5.184,false
klokan-basic,klokan-basic/paris-zoomdrill,356.200,337.900,112.200,112.200,5.138,68.501,68.501,-5.138,false
klokan-basic,klokan-basic/rome-spiral,324.000,306.000,116.200,114.300,5.556,64.136,64.722,-4.969,false
klokan-basic,klokan-basic/sahara-pansweep,173.900,181.800,122.500,119.800,-4.543,29.557,31.110,6.095,true
klokan-basic,klokan-basic/stockholm-bearingspin,355.400,358.100,121.100,118.100,-0.760,65.926,66.770,1.604,true
klokan-basic,klokan-basic/swiss-zoomdrill,313.500,319.200,120.400,116.500,-1.818,61.595,62.839,3.062,true
klokan-basic,klokan-basic/tokyo-spiral,332.600,326.500,113.700,112.200,1.834,65.815,66.266,-1.383,false
klokan-basic,klokan-basic/tokyo-zigzag,334.100,323.400,115.000,112.500,3.203,65.579,66.327,-2.454,false
klokan-basic,klokan-basic/venice-spiral,241.700,247.600,117.900,118.200,-2.441,51.221,51.096,2.317,true
liberty,liberty/amazon-spiral,237.500,240.600,130.800,130.500,-1.305,44.926,45.053,1.432,true
liberty,liberty/beijing-pansweep,672.900,682.900,132.100,129.200,-1.486,80.369,80.800,1.917,true
liberty,liberty/blackforest-pansweep,335.000,332.700,339.300,342.600,0.687,-1.284,-2.269,-1.672,false
liberty,liberty/blackforest-zigzag,381.200,331.200,337.700,340.700,13.116,11.411,10.624,-13.903,false
liberty,liberty/cairo-zigzag,633.900,701.900,138.500,133.000,-10.727,78.151,79.019,11.595,true
liberty,liberty/munich-spiral,442.400,468.300,454.400,500.100,-5.854,-2.712,-13.042,-4.476,false
liberty,liberty/munich-zigzag,443.300,473.900,464.500,505.300,-6.903,-4.782,-13.986,-2.301,false
liberty,liberty/newyork-bearingspin,583.700,656.400,139.400,132.600,-12.455,76.118,77.283,13.620,true
liberty,liberty/newyork-zoomdrill,585.200,653.600,137.500,135.200,-11.688,76.504,76.897,12.081,true
liberty,liberty/paris-zigzag,546.200,609.600,133.200,129.500,-11.607,75.613,76.291,12.285,true
liberty,liberty/paris-zoomdrill,565.300,635.800,140.300,133.900,-12.471,75.181,76.313,13.603,true
liberty,liberty/rome-spiral,470.200,541.900,134.100,129.700,-15.249,71.480,72.416,16.185,true
liberty,liberty/sahara-pansweep,179.800,183.800,137.800,135.300,-2.225,23.359,24.750,3.615,true
liberty,liberty/stockholm-bearingspin,399.500,405.700,137.600,134.200,-1.552,65.557,66.408,2.403,true
liberty,liberty/swiss-zoomdrill,342.000,335.400,132.100,127.300,1.930,61.374,62.778,-0.526,false
liberty,liberty/tokyo-spiral,661.200,733.600,138.800,135.100,-10.950,79.008,79.567,11.509,true
liberty,liberty/tokyo-zigzag,652.900,730.900,136.500,134.600,-11.947,79.093,79.384,12.238,true
liberty,liberty/venice-spiral,289.700,296.800,132.800,129.200,-2.451,54.159,55.402,3.693,true
osm-bright,osm-bright/amazon-spiral,259.200,254.400,133.700,128.600,1.852,48.418,50.386,0.116,true
osm-bright,osm-bright/beijing-pansweep,595.300,595.200,136.900,135.500,0.017,77.003,77.238,0.218,true
osm-bright,osm-bright/blackforest-pansweep,344.300,340.900,344.900,342.600,0.988,-0.174,0.494,-0.319,false
osm-bright,osm-bright/blackforest-zigzag,348.200,339.500,349.100,343.900,2.499,-0.258,1.235,-1.005,false
osm-bright,osm-bright/cairo-zigzag,540.000,620.300,139.000,134.800,-14.870,74.259,75.037,15.648,true
osm-bright,osm-bright/munich-spiral,467.400,503.400,492.800,518.500,-7.702,-5.434,-10.933,2.204,true
osm-bright,osm-bright/munich-zigzag,471.200,496.800,492.800,527.700,-5.433,-4.584,-11.991,-1.974,false
osm-bright,osm-bright/newyork-bearingspin,621.100,688.100,140.900,132.900,-10.787,77.314,78.602,12.075,true
osm-bright,osm-bright/newyork-zoomdrill,616.500,698.000,139.800,132.800,-13.220,77.324,78.459,14.355,true
osm-bright,osm-bright/paris-zigzag,573.000,644.400,134.000,128.700,-12.461,76.614,77.539,13.386,true
osm-bright,osm-bright/paris-zoomdrill,569.000,634.700,133.300,127.700,-11.547,76.573,77.557,12.531,true
osm-bright,osm-bright/rome-spiral,511.700,554.600,132.800,129.100,-8.384,74.047,74.770,9.107,true
osm-bright,osm-bright/sahara-pansweep,199.200,200.900,141.800,134.800,-0.853,28.815,32.329,4.367,true
osm-bright,osm-bright/stockholm-bearingspin,488.700,483.900,139.900,134.300,0.982,71.373,72.519,0.164,true
osm-bright,osm-bright/swiss-zoomdrill,354.600,355.900,136.300,128.000,-0.367,61.562,63.903,2.707,true
osm-bright,osm-bright/tokyo-spiral,616.300,681.000,134.100,129.200,-10.498,78.241,79.036,11.293,true
osm-bright,osm-bright/tokyo-zigzag,623.300,679.300,133.700,128.800,-8.984,78.550,79.336,9.771,true
osm-bright,osm-bright/venice-spiral,323.000,330.100,134.400,129.900,-2.198,58.390,59.783,3.591,true
osm-liberty,osm-liberty/amazon-spiral,243.300,246.000,131.900,131.800,-1.110,45.787,45.828,1.151,true
osm-liberty,osm-liberty/beijing-pansweep,570.600,591.100,132.800,130.800,-3.593,76.726,77.077,3.943,true
osm-liberty,osm-liberty/blackforest-pansweep,468.400,332.100,349.700,360.200,29.099,25.342,23.100,-31.341,false
osm-liberty,osm-liberty/blackforest-zigzag,468.500,330.200,348.900,358.000,29.520,25.528,23.586,-31.462,false
osm-liberty,osm-liberty/cairo-zigzag,624.500,631.700,136.300,135.200,-1.153,78.175,78.351,1.329,true
osm-liberty,osm-liberty/munich-spiral,437.900,476.800,481.900,506.800,-8.883,-10.048,-15.734,3.197,true
osm-liberty,osm-liberty/munich-zigzag,438.700,474.900,479.800,507.100,-8.252,-9.369,-15.592,2.029,true
osm-liberty,osm-liberty/newyork-bearingspin,583.900,696.800,158.200,134.500,-19.336,72.906,76.965,23.394,true
osm-liberty,osm-liberty/newyork-zoomdrill,585.500,681.600,135.200,135.900,-16.413,76.909,76.789,16.294,true
osm-liberty,osm-liberty/paris-zigzag,541.300,608.400,129.700,126.400,-12.396,76.039,76.649,13.006,true
osm-liberty,osm-liberty/paris-zoomdrill,535.700,611.400,129.400,126.800,-14.131,75.845,76.330,14.616,true
osm-liberty,osm-liberty/rome-spiral,469.400,519.800,131.800,130.300,-10.737,71.922,72.241,11.057,true
osm-liberty,osm-liberty/sahara-pansweep,213.000,203.800,139.000,137.200,4.319,34.742,35.587,-3.474,false
osm-liberty,osm-liberty/stockholm-bearingspin,396.500,398.500,136.800,134.700,-0.504,65.498,66.028,1.034,true
osm-liberty,osm-liberty/swiss-zoomdrill,345.600,343.400,133.300,130.400,0.637,61.429,62.269,0.203,true
osm-liberty,osm-liberty/tokyo-spiral,614.600,679.900,134.700,127.100,-10.625,78.083,79.320,11.861,true
osm-liberty,osm-liberty/tokyo-zigzag,612.100,672.900,130.900,130.000,-9.933,78.615,78.762,10.080,true
osm-liberty,osm-liberty/venice-spiral,290.200,312.200,132.400,132.600,-7.581,54.376,54.307,7.512,true
positron,positron/amazon-spiral,214.500,215.000,119.800,118.000,-0.233,44.149,44.988,1.072,true
positron,positron/beijing-pansweep,638.700,634.100,122.800,116.300,0.720,80.773,81.791,0.297,true
positron,positron/blackforest-pansweep,283.600,282.200,289.600,286.200,0.494,-2.116,-0.917,0.705,true
positron,positron/blackforest-zigzag,339.000,279.400,289.900,283.400,17.581,14.484,16.401,-15.664,false
positron,positron/cairo-zigzag,461.600,453.300,125.300,122.500,1.798,72.855,73.462,-1.192,false
positron,positron/munich-spiral,362.100,345.500,378.200,366.000,4.584,-4.446,-1.077,-1.215,false
positron,positron/munich-zigzag,423.700,345.500,379.600,364.800,18.456,10.408,13.901,-14.963,false
positron,positron/newyork-bearingspin,443.300,420.500,125.000,120.800,5.143,71.802,72.750,-4.196,false
positron,positron/newyork-zoomdrill,444.400,422.100,125.300,119.900,5.018,71.805,73.020,-3.803,false
positron,positron/paris-zigzag,417.700,389.000,120.700,115.900,6.871,71.104,72.253,-5.722,false
positron,positron/paris-zoomdrill,414.300,393.000,120.400,116.000,5.141,70.939,72.001,-4.079,false
positron,positron/rome-spiral,377.200,359.500,119.200,116.400,4.692,68.399,69.141,-3.950,false
positron,positron/sahara-pansweep,166.000,162.400,124.800,122.400,2.169,24.819,26.265,-0.723,false
positron,positron/stockholm-bearingspin,398.400,389.000,123.400,122.200,2.359,69.026,69.327,-2.058,false
positron,positron/swiss-zoomdrill,286.800,283.600,118.400,116.400,1.116,58.717,59.414,-0.418,false
positron,positron/tokyo-spiral,546.000,541.400,118.200,116.100,0.842,78.352,78.736,-0.458,false
positron,positron/tokyo-zigzag,540.700,538.300,122.900,117.500,0.444,77.270,78.269,0.555,true
positron,positron/venice-spiral,264.200,264.100,120.700,118.100,0.038,54.315,55.299,0.946,true
stadia-outdoors,stadia-outdoors/amazon-spiral,240.100,241.000,137.900,131.700,-0.375,42.566,45.148,2.957,true
stadia-outdoors,stadia-outdoors/beijing-pansweep,665.500,662.900,136.400,129.800,0.391,79.504,80.496,0.601,true
stadia-outdoors,stadia-outdoors/blackforest-pansweep,320.800,320.000,342.400,343.200,0.249,-6.733,-6.983,-0.499,false
stadia-outdoors,stadia-outdoors/blackforest-zigzag,380.500,321.000,341.900,345.600,15.637,10.145,9.172,-16.610,false
stadia-outdoors,stadia-outdoors/cairo-zigzag,503.300,627.700,141.200,134.000,-24.717,71.945,73.376,26.147,true
stadia-outdoors,stadia-outdoors/munich-spiral,424.100,474.500,439.800,470.200,-11.884,-3.702,-10.870,4.716,true
stadia-outdoors,stadia-outdoors/munich-zigzag,552.300,471.400,436.200,482.300,14.648,21.021,12.674,-22.995,false
stadia-outdoors,stadia-outdoors/newyork-bearingspin,561.700,643.200,143.300,134.000,-14.510,74.488,76.144,16.165,true
stadia-outdoors,stadia-outdoors/newyork-zoomdrill,566.800,647.200,141.900,136.100,-14.185,74.965,75.988,15.208,true
stadia-outdoors,stadia-outdoors/paris-zigzag,512.200,600.100,137.200,130.700,-17.161,73.214,74.483,18.430,true
stadia-outdoors,stadia-outdoors/paris-zoomdrill,515.800,589.200,134.900,128.500,-14.230,73.846,75.087,15.471,true
stadia-outdoors,stadia-outdoors/rome-spiral,454.000,523.600,134.800,135.100,-15.330,70.308,70.242,15.264,true
stadia-outdoors,stadia-outdoors/sahara-pansweep,203.800,196.200,141.000,136.700,3.729,30.815,32.924,-1.619,false
stadia-outdoors,stadia-outdoors/stockholm-bearingspin,374.500,380.200,141.500,136.000,-1.522,62.216,63.685,2.991,true
stadia-outdoors,stadia-outdoors/swiss-zoomdrill,353.300,355.300,138.200,131.200,-0.566,60.883,62.864,2.547,true
stadia-outdoors,stadia-outdoors/tokyo-spiral,568.400,653.500,134.600,130.500,-14.972,76.319,77.041,15.693,true
stadia-outdoors,stadia-outdoors/tokyo-zigzag,567.100,652.300,135.500,131.700,-15.024,76.107,76.777,15.694,true
stadia-outdoors,stadia-outdoors/venice-spiral,307.500,319.300,135.600,132.400,-3.837,55.902,56.943,4.878,true
toner,toner/amazon-spiral,213.400,212.700,131.200,124.400,0.328,38.519,41.706,2.858,true
toner,toner/beijing-pansweep,369.600,366.600,116.300,114.300,0.812,68.534,69.075,-0.271,false
toner,toner/blackforest-pansweep,280.500,277.400,292.200,285.000,1.105,-4.171,-1.604,1.462,true
toner,toner/blackforest-zigzag,280.300,275.300,294.400,287.300,1.784,-5.030,-2.497,0.749,true
toner,toner/cairo-zigzag,426.600,424.600,134.800,134.100,0.469,68.401,68.565,-0.305,false
toner,toner/munich-spiral,320.800,309.200,322.600,319.500,3.616,-0.561,0.405,-2.650,false
toner,toner/munich-zigzag,320.600,312.200,324.100,315.200,2.620,-1.092,1.684,0.156,true
toner,toner/newyork-bearingspin,385.400,377.500,121.400,118.100,2.050,68.500,69.357,-1.194,false
toner,toner/newyork-zoomdrill,386.900,377.500,121.500,117.400,2.430,68.597,69.656,-1.370,false
toner,toner/paris-zigzag,346.900,334.400,115.200,111.400,3.603,66.792,67.887,-2.508,false
toner,toner/paris-zoomdrill,348.600,333.400,115.500,112.100,4.360,66.867,67.843,-3.385,false
toner,toner/rome-spiral,332.700,328.400,114.900,113.000,1.292,65.464,66.035,-0.721,false
toner,toner/sahara-pansweep,178.800,178.500,132.400,126.900,0.168,25.951,29.027,2.908,true
toner,toner/stockholm-bearingspin,359.200,356.400,125.200,123.400,0.780,65.145,65.646,-0.278,false
toner,toner/swiss-zoomdrill,333.400,334.200,130.800,127.900,-0.240,60.768,61.638,1.110,true
toner,toner/tokyo-spiral,383.200,390.400,116.000,112.700,-1.879,69.729,70.590,2.740,true
toner,toner/tokyo-zigzag,383.700,385.400,115.300,109.900,-0.443,69.950,71.358,1.850,true
toner,toner/venice-spiral,220.200,211.900,129.100,126.900,3.769,41.371,42.371,-2.770,false
